imdb_id,movie_name,title,year_in_title,join_strategy
tt6155172,Roma_2018,Roma,2018,no_match
tt3716530,Elle_2016,Elle,2016,no_match
tt0091167,Hannah and Her Sisters_1986,Hannah and Her Sisters,1986,no_match
tt10640346,Babylon_2022,Babylon,2022,no_match
tt4209788,Molly's Game_2017,Molly's Game,2017,no_match
tt9114286,Black Panther: Wakanda Forever_2022,Black Panther: Wakanda Forever,2022,no_match
tt0107507,Manhattan Murder Mystery_1993,Manhattan Murder Mystery,1993,no_match
tt15398776,Oppenheimer_2023,Oppenheimer,2023,no_match
tt3704428,Elvis_2022,Elvis,2022,no_match
tt6439020,The Personal History of David Copperfield_2019,The Personal History of David Copperfield,2019,no_match
tt0051036,Sweet Smell of Success_1957,Sweet Smell of Success,1957,no_match
tt0049470,The Man Who Knew Too Much_1956,The Man Who Knew Too Much,1956,no_match
tt0047396,Rear Window_1954,Rear Window,1954,no_match
tt0032599,His Girl Friday_1940,His Girl Friday,1940,no_match
tt0041959,The Third Man_1949,The Third Man,1949,no_match
tt0913425,Broken Embraces_2009,Broken Embraces,2009,no_match
tt10872600,Spider-Man: No Way Home_2021,Spider-Man: No Way Home,2021,no_match
tt0038355,The Big Sleep_1946,The Big Sleep,1946,no_match
tt0084489,Personal Best_1982,Personal Best,1982,no_match
tt0097243,A Dry White Season_1989,A Dry White Season,1989,no_match
tt0106379,Being Human_1994,Being Human,1994,no_match
tt1745960,Top Gun: Maverick_2022,Top Gun: Maverick,2022,no_match
tt0036613,Arsenic and Old Lace_1944,Arsenic and Old Lace,1944,no_match
tt0033467,Citizen Kane_1941,Citizen Kane,1941,no_match
tt4916630,Just Mercy_2019,Just Mercy,2019,no_match
tt6924650,Midway_2019,Midway,2019,no_match
tt7040874,A Simple Favor_2018,A Simple Favor,2018,no_match
tt0033870,The Maltese Falcon_1941,The Maltese Falcon,1941,no_match
tt0056869,The Birds_1963,The Birds,1963,no_match
tt0027996,Mr. Deeds Goes to Town_1936,Mr. Deeds Goes to Town,1936,no_match
tt0099871,Jacob's Ladder_1990,Jacob's Ladder,1990,no_match
tt6723592,Tenet_2020,Tenet,2020,no_match
tt8772262,Midsommar_2019,Midsommar,2019,no_match
tt0068451,The Day the Clown Cried_1972,The Day the Clown Cried,1972,no_match
tt0056923,Charade_1963,Charade,1963,no_match
tt1000774,Sex and the City_2008,Sex and the City,2008,no_match
tt0025878,The Thin Man_1934,The Thin Man,1934,no_match
tt0081568,The Stunt Man_1980,The Stunt Man,1980,no_match
tt0043265,The African Queen_1951,The African Queen,1951,no_match
tt7979580,The Mitchells vs the Machines_2021,The Mitchells vs the Machines,2021,no_match
tt0049730,The Searchers_1956,The Searchers,1956,no_match
tt3402236,Murder on the Orient Express_2017,Murder on the Orient Express,2017,no_match
tt3581652,West Side Story_2021,West Side Story,2021,no_match
tt0104549,Jennifer 8_1992,Jennifer 8,1992,no_match
tt0110632,Natural Born Killers_1994,Natural Born Killers,1994,no_match
tt0102753,Rambling Rose_1991,Rambling Rose,1991,no_match
tt0037343,Tall in the Saddle_1944,Tall in the Saddle,1944,no_match
tt6866224,The Hummingbird Project_2018,The Hummingbird Project,2018,no_match
tt0110478,Maverick_1994,Maverick,1994,no_match
tt2873282,Red Sparrow_2018,Red Sparrow,2018,no_match
tt0114746,12 Monkeys_1995,12 Monkeys,1995,no_match
tt0113277,Heat_1995,Heat,1995,no_match
tt0042192,All About Eve_1950,All About Eve,1950,no_match
tt6932874,The Boss Baby: Family Business_2021,The Boss Baby: Family Business,2021,no_match
tt1413492,12 Strong_2018,12 Strong,2018,no_match
tt0040705,Portrait of Jennie_1948,Portrait of Jennie,1948,no_match
tt0212985,Hannibal_2001,Hannibal,2001,no_match
tt0120789,Pleasantville_1998,Pleasantville,1998,no_match
tt0072251,The Taking of Pelham One Two Three_1974,The Taking of Pelham One Two Three,1974,no_match
tt3829920,Only the Brave_2017,Only the Brave,2017,no_match
tt11286314,Don't Look Up_2021,Don't Look Up,2021,no_match
tt0107808,A Perfect World_1993,A Perfect World,1993,no_match
tt4540710,Miss Sloane_2016,Miss Sloane,2016,no_match
tt1727824,Bohemian Rhapsody_2018,Bohemian Rhapsody,2018,no_match
tt0094155,Tin Men_1987,Tin Men,1987,no_match
tt5691670,Under the Silver Lake_2018,Under the Silver Lake,2018,no_match
tt7653254,Marriage Story_2019,Marriage Story,2019,no_match
tt0036969,Jane Eyre_1943,Jane Eyre,1943,no_match
tt0033891,Meet John Doe_1941,Meet John Doe,1941,no_match
tt0102266,The Last Boy Scout_1991,The Last Boy Scout,1991,no_match
tt0033553,Dr. Jekyll and Mr. Hyde_1941,Dr. Jekyll and Mr. Hyde,1941,no_match
tt5536736,The Meyerowitz Stories_2017,The Meyerowitz Stories,2017,no_match
tt0052357,Vertigo_1958,Vertigo,1958,no_match
tt0114558,Strange Days_1995,Strange Days,1995,no_match
tt0093260,Innerspace_1987,Innerspace,1987,no_match
tt0077362,Coming Home_1978,Coming Home,1978,no_match
tt8847712,The French Dispatch_2021,The French Dispatch,2021,no_match
tt2365580,"Where'd You Go, Bernadette_2019","Where'd You Go, Bernadette",2019,no_match
tt14208870,The Fabelmans_2022,The Fabelmans,2022,no_match
tt0210094,Happy Campers_2001,Happy Campers,2001,no_match
tt9362722,Spider-Man: Across the Spider-Verse_2023,Spider-Man: Across the Spider-Verse,2023,no_match
tt0031725,Ninotchka_1939,Ninotchka,1939,no_match
tt0088172,Starman_1984,Starman,1984,no_match
tt0092699,Broadcast News_1987,Broadcast News,1987,no_match
tt0060397,Fantastic Voyage_1966,Fantastic Voyage,1966,no_match
tt0099077,Awakenings_1990,Awakenings,1990,no_match
tt9130508,Cherry_2021,Cherry,2021,no_match
tt0104412,Hero_1992,Hero,1992,no_match
tt5093026,Papillon_2017,Papillon,2017,no_match
tt0054167,Peeping Tom_1960,Peeping Tom,1960,no_match
tt4995540,Being the Ricardos_2021,Being the Ricardos,2021,no_match
tt0067482,A New Leaf_1971,A New Leaf,1971,no_match
tt2361317,Live by Night_2016,Live by Night,2016,no_match
tt0093467,Made in Heaven_1987,Made in Heaven,1987,no_match
tt1259528,Den of Thieves_2018,Den of Thieves,2018,no_match
tt0100260,Nightbreed_1990,Nightbreed,1990,no_match
tt0187078,Gone in 60 Seconds_2000,Gone in 60 Seconds,2000,no_match
tt0083967,Frances_1982,Frances,1982,no_match
tt1877830,The Batman_2022,The Batman,2022,no_match
tt2345759,The Mummy_2017,The Mummy,2017,no_match
tt1201607,Harry Potter and the Deathly Hallows: Part 2_2011,Harry Potter and the Deathly Hallows: Part 2,2011,no_match
tt0105159,The Power of One_1992,The Power of One,1992,no_match
tt11198810,She Said_2022,She Said,2022,no_match
tt0385887,Motherless Brooklyn_2019,Motherless Brooklyn,2019,no_match
tt0926084,Harry Potter and the Deathly Hallows: Part 1_2010,Harry Potter and the Deathly Hallows: Part 1,2010,no_match
tt3390572,Haider_2014,Haider,2014,no_match
tt5648882,The Burial_2023,The Burial,2023,no_match
tt11214590,House of Gucci_2021,House of Gucci,2021,no_match
tt1212428,The Lost City of Z_2016,The Lost City of Z,2016,no_match
tt0066026,M*A*S*H_1970,M*A*S*H,1970,no_match
tt0118647,The Assignment_1997,The Assignment,1997,no_match
tt1070874,The Trial of the Chicago 7_2020,The Trial of the Chicago 7,2020,no_match
tt5537002,Killers of the Flower Moon_2023,Killers of the Flower Moon,2023,no_match
tt4154796,Avengers: Endgame_2019,Avengers: Endgame,2019,no_match
tt0451279,Wonder Woman_2017,Wonder Woman,2017,no_match
tt0360009,Spartan_2004,Spartan,2004,no_match
tt1137450,Death Wish_2018,Death Wish,2018,no_match
tt0077402,Dawn of the Dead_1978,Dawn of the Dead,1978,no_match
tt0120667,Fantastic Four_2005,Fantastic Four,2005,no_match
tt0120812,Rush Hour_1998,Rush Hour,1998,no_match
tt1473832,Bridget Jones's Baby_2016,Bridget Jones's Baby,2016,no_match
tt0417907,Little Athens_2005,Little Athens,2005,no_match
tt13521006,Beau Is Afraid_2023,Beau Is Afraid,2023,no_match
tt0109836,Mary Shelley's Frankenstein_1994,Mary Shelley's Frankenstein,1994,no_match
tt5311542,Never Look Away_2018,Never Look Away,2018,no_match
tt0095765,Cinema Paradiso_1988,Cinema Paradiso,1988,no_match
tt3183660,Fantastic Beasts and Where to Find Them_2016,Fantastic Beasts and Where to Find Them,2016,no_match
tt2802144,Kingsman: The Secret Service_2014,Kingsman: The Secret Service,2014,no_match
tt1800302,Gold_2016,Gold,2016,no_match
tt0124315,The Cider House Rules_1999,The Cider House Rules,1999,no_match
tt0258153,S1m0ne_2002,S1m0ne,2002,no_match
tt0041827,Roughshod_1949,Roughshod,1949,no_match
tt6205872,Assassination Nation_2018,Assassination Nation,2018,no_match
tt0044121,The Thing from Another World_1951,The Thing from Another World,1951,no_match
tt0091875,Running Scared_1986,Running Scared,1986,no_match
tt0119664,Metro_1997,Metro,1997,no_match
tt10304142,Amsterdam_2022,Amsterdam,2022,no_match
tt0101393,Backdraft_1991,Backdraft,1991,no_match
tt0022958,Grand Hotel_1932,Grand Hotel,1932,no_match
tt0061418,Bonnie and Clyde_1967,Bonnie and Clyde,1967,no_match
tt0090021,Silver Bullet_1985,Silver Bullet,1985,no_match
tt5606664,Doctor Sleep_2019,Doctor Sleep,2019,no_match
tt0108333,The Three Musketeers_1993,The Three Musketeers,1993,no_match
tt0080684,Star Wars: Episode V - The Empire Strikes Back_1980,Star Wars: Episode V - The Empire Strikes Back,1980,no_match
tt1229822,Jane Eyre_2011,Jane Eyre,2011,no_match
tt3896198,Guardians of the Galaxy Vol. 2_2017,Guardians of the Galaxy Vol. 2,2017,no_match
tt14230388,Asteroid City_2023,Asteroid City,2023,no_match
tt0118636,Apt Pupil_1998,Apt Pupil,1998,no_match
tt1136617,The Killer_2023,The Killer,2023,no_match
tt0082089,Body Heat_1981,Body Heat,1981,no_match
tt4998632,Ambulance_2022,Ambulance,2022,no_match
tt2382320,No Time to Die_2021,No Time to Die,2021,no_match
tt0089469,Legend_1985,Legend,1985,no_match
tt10696896,Stillwater_2021,Stillwater,2021,no_match
tt0058946,The Battle of Algiers_1966,The Battle of Algiers,1966,no_match
tt0085794,The King of Comedy_1982,The King of Comedy,1982,no_match
tt4191702,Norman_2016,Norman,2016,no_match
tt15301048,"Argentina, 1985_2022","Argentina, 1985",2022,no_match
tt1981128,Geostorm_2017,Geostorm,2017,no_match
tt0036775,Double Indemnity_1944,Double Indemnity,1944,no_match
tt0091474,Manhunter_1986,Manhunter,1986,no_match
tt0073692,Shampoo_1975,Shampoo,1975,no_match
tt0040613,Mr. Blandings Builds His Dream House_1948,Mr. Blandings Builds His Dream House,1948,no_match
tt3315342,Logan_2017,Logan,2017,no_match
tt0090756,Blue Velvet_1986,Blue Velvet,1986,no_match
tt1302006,The Irishman_2019,The Irishman,2019,no_match
tt0040636,The Naked City_1948,The Naked City,1948,no_match
tt12193804,Whitney Houston: I Wanna Dance with Somebody_2022,Whitney Houston: I Wanna Dance with Somebody,2022,no_match
tt0103976,City of Joy_1992,City of Joy,1992,no_match
tt0101860,Fatal Instinct_1992,Fatal Instinct,1992,no_match
tt0110737,Only You_1994,Only You,1994,no_match
tt0106873,Fatal Instinct_1993,Fatal Instinct,1993,no_match
tt4048272,Toni Erdmann_2016,Toni Erdmann,2016,no_match
tt0078841,Being There_1979,Being There,1979,no_match
tt8526872,Dolemite Is My Name_2019,Dolemite Is My Name,2019,no_match
tt0104114,The Distinguished Gentleman_1992,The Distinguished Gentleman,1992,no_match
tt0031602,Made for Each Other_1939,Made for Each Other,1939,no_match
tt11138512,The Northman_2022,The Northman,2022,no_match
tt0100133,Memphis Belle_1990,Memphis Belle,1990,no_match
tt0105417,Sister Act_1992,Sister Act,1992,no_match
tt0098067,Parenthood_1989,Parenthood,1989,no_match
tt2057392,Eye in the Sky_2015,Eye in the Sky,2015,no_match
tt0029162,Lost Horizon_1937,Lost Horizon,1937,no_match
tt6802400,Coming 2 America_2021,Coming 2 America,2021,no_match
tt0046359,Stalag 17_1953,Stalag 17,1953,no_match
tt0896872,The Whistleblower_2010,The Whistleblower,2010,no_match
tt2328900,Mary Queen of Scots_2018,Mary Queen of Scots,2018,no_match
tt0105585,Thunderheart_1992,Thunderheart,1992,no_match
tt0106673,Dave_1993,Dave,1993,no_match
tt0166943,Music of the Heart_1999,Music of the Heart,1999,no_match
tt0109450,Cobb_1994,Cobb,1994,no_match
tt0100935,Wild at Heart_1990,Wild at Heart,1990,no_match
tt13957560,Dumb Money_2023,Dumb Money,2023,no_match
tt8404614,The Two Popes_2019,The Two Popes,2019,no_match
tt6679794,Outlaw King_2018,Outlaw King,2018,no_match
tt0071315,Chinatown_1974,Chinatown,1974,no_match
tt4645330,Denial_2016,Denial,2016,no_match
tt0088933,Cocoon_1985,Cocoon,1985,no_match
tt12262116,Thirteen Lives_2022,Thirteen Lives,2022,no_match
tt0111282,Stargate_1994,Stargate,1994,no_match
tt1517451,A Star Is Born_2018,A Star Is Born,2018,no_match
tt0107302,Kalifornia_1993,Kalifornia,1993,no_match
tt6710474,Everything Everywhere All at Once_2022,Everything Everywhere All at Once,2022,no_match
tt11827628,Memory_2022,Memory,2022,no_match
tt2140479,The Accountant_2016,The Accountant,2016,no_match
tt4912910,Mission: Impossible - Fallout_2018,Mission: Impossible - Fallout,2018,no_match
tt0120399,U Turn_1997,U Turn,1997,no_match
tt0106697,Demolition Man_1993,Demolition Man,1993,no_match
tt10618286,Mank_2020,Mank,2020,no_match
tt0105665,Twin Peaks: Fire Walk with Me_1992,Twin Peaks: Fire Walk with Me,1992,no_match
tt7784604,Hereditary_2018,Hereditary,2018,no_match
tt0417217,Two for the Money_2005,Two for the Money,2005,no_match
tt0066249,The Private Life of Sherlock Holmes_1970,The Private Life of Sherlock Holmes,1970,no_match
tt5294550,All the Money in the World_2017,All the Money in the World,2017,no_match
tt6160448,White Noise_2022,White Noise,2022,no_match
tt0083530,Airplane II: The Sequel_1982,Airplane II: The Sequel,1982,no_match
tt0079417,Kramer vs. Kramer_1979,Kramer vs. Kramer,1979,no_match
tt3829266,The Predator_2018,The Predator,2018,no_match
tt0118531,One Eight Seven_1997,One Eight Seven,1997,no_match
tt0122529,Henry Fool_1997,Henry Fool,1997,no_match
tt14503370,Prophetess_2021,Prophetess,2021,no_match
tt0104804,Man Trouble_1992,Man Trouble,1992,no_match
tt0079817,Rocky II_1979,Rocky II,1979,no_match
tt0104990,Newsies_1992,Newsies,1992,no_match
tt0162661,Sleepy Hollow_1999,Sleepy Hollow,1999,no_match
tt0102685,Point Break_1991,Point Break,1991,no_match
tt9731598,Bros_2022,Bros,2022,no_match
tt0458522,El cantante_2006,El cantante,2006,no_match
tt6017942,Kin_2018,Kin,2018,no_match
tt5052474,Sicario: Day of the Soldado_2018,Sicario: Day of the Soldado,2018,no_match
tt0099409,Desperate Hours_1990,Desperate Hours,1990,no_match
tt0061722,The Graduate_1967,The Graduate,1967,no_match
tt8143990,Kajillionaire_2020,Kajillionaire,2020,no_match
tt0072890,Dog Day Afternoon_1975,Dog Day Afternoon,1975,no_match
tt3104988,Crazy Rich Asians_2018,Crazy Rich Asians,2018,no_match
tt6166392,Wonka_2023,Wonka,2023,no_match
tt2283362,Jumanji: Welcome to the Jungle_2017,Jumanji: Welcome to the Jungle,2017,no_match
tt6663582,The Spy Who Dumped Me_2018,The Spy Who Dumped Me,2018,no_match
tt15789038,Elemental_2023,Elemental,2023,no_match
tt0112688,Clockers_1995,Clockers,1995,no_match
tt0114478,Smoke_1995,Smoke,1995,no_match
tt1825683,Black Panther_2018,Black Panther,2018,no_match
tt0095250,The Big Blue_1988,The Big Blue,1988,no_match
tt0310924,Crime Spree_2003,Crime Spree,2003,no_match
tt0095174,Frantic_1988,Frantic,1988,no_match
tt4633694,Spider-Man: Into the Spider-Verse_2018,Spider-Man: Into the Spider-Verse,2018,no_match
tt4190530,Anthropoid_2016,Anthropoid,2016,no_match
tt0120616,The Mummy_1999,The Mummy,1999,no_match
tt4779682,The Meg_2018,The Meg,2018,no_match
tt0043456,The Day the Earth Stood Still_1951,The Day the Earth Stood Still,1951,no_match
tt0079576,More American Graffiti_1979,More American Graffiti,1979,no_match
tt2402927,Carol_2015,Carol,2015,no_match
tt2488496,Star Wars: Episode VII - The Force Awakens_2015,Star Wars: Episode VII - The Force Awakens,2015,no_match
tt0123964,Life_1999,Life,1999,no_match
tt0073802,Three Days of the Condor_1975,Three Days of the Condor,1975,no_match
tt0384814,Ask the Dust_2006,Ask the Dust,2006,no_match
tt1226774,In the Loop_2009,In the Loop,2009,no_match
tt0022626,American Madness_1932,American Madness,1932,no_match
tt3203606,Trumbo_2015,Trumbo,2015,no_match
tt7349662,BlacKkKlansman_2018,BlacKkKlansman,2018,no_match
tt0110097,I'll Do Anything_1994,I'll Do Anything,1994,no_match
tt1129445,Amelia_2009,Amelia,2009,no_match
tt8946378,Knives Out_2019,Knives Out,2019,no_match
tt0101327,American Shaolin_1991,American Shaolin,1991,no_match
tt0086856,The Adventures of Buckaroo Banzai Across the 8th Dimension_1984,The Adventures of Buckaroo Banzai Across the 8th Dimension,1984,no_match
tt0425253,Mini's First Time_2006,Mini's First Time,2006,no_match
tt7074886,The Front Runner_2018,The Front Runner,2018,no_match
tt0166110,Bones_2001,Bones,2001,no_match
tt3450958,War for the Planet of the Apes_2017,War for the Planet of the Apes,2017,no_match
tt0100150,Miller's Crossing_1990,Miller's Crossing,1990,no_match
tt0094602,Above the Law_1988,Above the Law,1988,no_match
tt10016180,The Little Things_2021,The Little Things,2021,no_match
tt1211837,Doctor Strange_2016,Doctor Strange,2016,no_match
tt0490215,Silence_2016,Silence,2016,no_match
tt0099165,The Bonfire of the Vanities_1990,The Bonfire of the Vanities,1990,no_match
tt3890160,Baby Driver_2017,Baby Driver,2017,no_match
tt5104604,Isle of Dogs_2018,Isle of Dogs,2018,no_match
tt0118689,Bean_1997,Bean,1997,no_match
tt7146812,Onward_2020,Onward,2020,no_match
tt5175450,Mark Felt: The Man Who Brought Down the White House_2017,Mark Felt: The Man Who Brought Down the White House,2017,no_match
tt0088146,A Soldier's Story_1984,A Soldier's Story,1984,no_match
tt3281548,Little Women_2019,Little Women,2019,no_match
tt0086336,Something Wicked This Way Comes_1983,Something Wicked This Way Comes,1983,no_match
tt1523372,Wild Things: Foursome_2010,Wild Things: Foursome,2010,no_match
tt0107889,The Program_1993,The Program,1993,no_match
tt0032551,The Grapes of Wrath_1940,The Grapes of Wrath,1940,no_match
tt0103074,Thelma & Louise_1991,Thelma & Louise,1991,no_match
tt3501632,Thor: Ragnarok_2017,Thor: Ragnarok,2017,no_match
tt1389072,Downsizing_2017,Downsizing,2017,no_match
tt1219289,Limitless_2011,Limitless,2011,no_match
tt0151738,Never Been Kissed_1999,Never Been Kissed,1999,no_match
tt7008872,Boy Erased_2018,Boy Erased,2018,no_match
tt0098621,The War of the Roses_1989,The War of the Roses,1989,no_match
tt0091042,Ferris Bueller's Day Off_1986,Ferris Bueller's Day Off,1986,no_match
tt0082498,Happy Birthday to Me_1981,Happy Birthday to Me,1981,no_match
tt0106303,Arctic Blue_1993,Arctic Blue,1993,no_match
tt5536610,Private Life_2018,Private Life,2018,no_match
tt2380307,Coco_2017,Coco,2017,no_match
tt3420504,Finch_2021,Finch,2021,no_match
tt1213641,First Man_2018,First Man,2018,no_match
tt0302297,Barely Legal_2003,Barely Legal,2003,no_match
tt1790809,Pirates of the Caribbean: Dead Men Tell No Tales_2017,Pirates of the Caribbean: Dead Men Tell No Tales,2017,no_match
tt7286456,Joker_2019,Joker,2019,no_match
tt4761112,The Mauritanian_2021,The Mauritanian,2021,no_match
tt5580266,The Hate U Give_2018,The Hate U Give,2018,no_match
tt0088128,Sixteen Candles_1984,Sixteen Candles,1984,no_match
tt0044079,Strangers on a Train_1951,Strangers on a Train,1951,no_match
tt0059037,The Cincinnati Kid_1965,The Cincinnati Kid,1965,no_match
tt4846340,Hidden Figures_2016,Hidden Figures,2016,no_match
tt0120202,State and Main_2000,State and Main,2000,no_match
tt0780571,Mr. Brooks_2007,Mr. Brooks,2007,no_match
tt9185206,"Are You There God? It's Me, Margaret._2023","Are You There God? It's Me, Margaret.",2023,no_match
tt0435705,Next_2007,Next,2007,no_match
tt10168670,Bones and All_2022,Bones and All,2022,no_match
tt0077928,Midnight Express_1978,Midnight Express,1978,no_match
tt8544498,The Way Back_2020,The Way Back,2020,no_match
tt9873892,They Cloned Tyrone_2023,They Cloned Tyrone,2023,no_match
tt0292963,Before the Devil Knows You're Dead_2007,Before the Devil Knows You're Dead,2007,no_match
tt0452623,Gone Baby Gone_2007,Gone Baby Gone,2007,no_match
tt0338526,Van Helsing_2004,Van Helsing,2004,no_match
tt0093693,Overboard_1987,Overboard,1987,no_match
tt0099044,Another 48 Hrs._1990,Another 48 Hrs.,1990,no_match
tt4622512,Battle of the Sexes_2017,Battle of the Sexes,2017,no_match
tt2396589,Mudbound_2017,Mudbound,2017,no_match
tt0118900,Gang Related_1997,Gang Related,1997,no_match
tt1502397,Bad Boys for Life_2020,Bad Boys for Life,2020,no_match
tt8652728,Waves_2019,Waves,2019,no_match
tt0401997,Breach_2007,Breach,2007,no_match
tt0089218,The Goonies_1985,The Goonies,1985,no_match
tt0103241,What About Bob?_1991,What About Bob?,1991,no_match
tt0093409,Lethal Weapon_1987,Lethal Weapon,1987,no_match
tt0098524,True Believer_1989,True Believer,1989,no_match
tt5727208,Uncut Gems_2019,Uncut Gems,2019,no_match
tt10687506,The Electrical Life of Louis Wain_2021,The Electrical Life of Louis Wain,2021,no_match
tt5613484,Mid90s_2018,Mid90s,2018,no_match
tt5074352,Dangal_2016,Dangal,2016,no_match
tt1234654,Greenberg_2010,Greenberg,2010,no_match
tt1220888,Henry's Crime_2010,Henry's Crime,2010,no_match
tt5962210,Ingrid Goes West_2017,Ingrid Goes West,2017,no_match
tt0108327,The Thing Called Love_1993,The Thing Called Love,1993,no_match
tt4595882,Can You Ever Forgive Me?_2018,Can You Ever Forgive Me?,2018,no_match
tt3385524,Stan & Ollie_2018,Stan & Ollie,2018,no_match
tt11564570,Glass Onion_2022,Glass Onion,2022,no_match
tt0108330,This Boy's Life_1993,This Boy's Life,1993,no_match
tt3612126,The Grudge_2020,The Grudge,2020,no_match
tt3470600,Sing_2016,Sing,2016,no_match
tt0089886,Real Genius_1985,Real Genius,1985,no_match
tt0102460,Mobsters_1991,Mobsters,1991,no_match
tt0067309,Klute_1971,Klute,1971,no_match
tt0097493,Heathers_1988,Heathers,1988,no_match
tt6476140,Serenity_2019,Serenity,2019,no_match
tt10343028,Armageddon Time_2022,Armageddon Time,2022,no_match
tt0094812,Bull Durham_1988,Bull Durham,1988,no_match
tt0455967,John Tucker Must Die_2006,John Tucker Must Die,2006,no_match
tt11245972,Scream_2022,Scream,2022,no_match
tt5437928,Colette_2018,Colette,2018,no_match
tt0472198,Notorious_2009,Notorious,2009,no_match
tt3741834,Lion_2016,Lion,2016,no_match
tt0082348,Excalibur_1981,Excalibur,1981,no_match
tt0088206,Supergirl_1984,Supergirl,1984,no_match
tt17009710,Anatomy of a Fall_2023,Anatomy of a Fall,2023,no_match
tt0103007,The Super_1991,The Super,1991,no_match
tt9777644,Da 5 Bloods_2020,Da 5 Bloods,2020,no_match
tt6628394,Bad Times at the El Royale_2018,Bad Times at the El Royale,2018,no_match
tt0096438,Who Framed Roger Rabbit_1988,Who Framed Roger Rabbit,1988,no_match
tt0048424,The Night of the Hunter_1955,The Night of the Hunter,1955,no_match
tt19500164,Nimona_2023,Nimona,2023,no_match
tt9686708,The King of Staten Island_2020,The King of Staten Island,2020,no_match
tt10366206,John Wick: Chapter 4_2023,John Wick: Chapter 4,2023,no_match
tt0462346,How to Eat Fried Worms_2006,How to Eat Fried Worms,2006,no_match
tt1200263,The Color Purple_2023,The Color Purple,2023,no_match
tt5164214,Ocean's Eight_2018,Ocean's Eight,2018,no_match
tt0118604,An American Werewolf in Paris_1997,An American Werewolf in Paris,1997,no_match
tt0402850,The Big White_2005,The Big White,2005,no_match
tt1563742,Overboard_2018,Overboard,2018,no_match
tt0036341,The Seventh Victim_1943,The Seventh Victim,1943,no_match
tt1334512,Arthur_2011,Arthur,2011,no_match
tt7985692,After the Wedding_2019,After the Wedding,2019,no_match
tt3312830,Youth_2015,Youth,2015,no_match
tt1672723,Batman: Year One_2011,Batman: Year One,2011,no_match
tt0252503,Heist_2001,Heist,2001,no_match
tt10023286,The Humans_2021,The Humans,2021,no_match
tt2562232,Birdman or (The Unexpected Virtue of Ignorance)_2014,Birdman or (The Unexpected Virtue of Ignorance),2014,no_match
tt5302918,Nyad_2023,Nyad,2023,no_match
tt2350892,Bad Country_2014,Bad Country,2014,no_match
tt3967856,Okja_2017,Okja,2017,no_match
tt0096446,Willow_1988,Willow,1988,no_match
tt3108894,The Tender Bar_2021,The Tender Bar,2021,no_match
tt1677720,Ready Player One_2018,Ready Player One,2018,no_match
tt3544112,Sing Street_2016,Sing Street,2016,no_match
tt0078444,An Unmarried Woman_1978,An Unmarried Woman,1978,no_match
tt0022100,M_1931,M,1931,no_match
tt1485796,The Greatest Showman_2017,The Greatest Showman,2017,no_match
tt1045670,Happy-Go-Lucky_2008,Happy-Go-Lucky,2008,no_match
tt0097322,The Fabulous Baker Boys_1989,The Fabulous Baker Boys,1989,no_match
tt0097428,Ghostbusters II_1989,Ghostbusters II,1989,no_match
tt0094631,Alien Nation_1988,Alien Nation,1988,no_match
tt0074119,All the President's Men_1976,All the President's Men,1976,no_match
tt10276470,Work It_2020,Work It,2020,no_match
tt4513316,Novitiate_2017,Novitiate,2017,no_match
tt0106364,Batman: Mask of the Phantasm_1993,Batman: Mask of the Phantasm,1993,no_match
tt1596345,Pawn Sacrifice_2014,Pawn Sacrifice,2014,no_match
tt5774450,Summer of 84_2018,Summer of 84,2018,no_match
tt12680684,The Hand of God_2021,The Hand of God,2021,no_match
tt0104627,Knight Moves_1992,Knight Moves,1992,no_match
tt1691920,I Melt with You_2011,I Melt with You,2011,no_match
tt0118661,The Avengers_1998,The Avengers,1998,no_match
tt9411972,Where the Crawdads Sing_2022,Where the Crawdads Sing,2022,no_match
tt0488120,Fracture_2007,Fracture,2007,no_match
tt7405458,A Man Called Otto_2022,A Man Called Otto,2022,no_match
tt6933454,Puzzle_2018,Puzzle,2018,no_match
tt4468740,Paddington 2_2017,Paddington 2,2017,no_match
tt1469304,Baywatch_2017,Baywatch,2017,no_match
tt3513548,Richard Jewell_2019,Richard Jewell,2019,no_match
tt1517268,Barbie_2023,Barbie,2023,no_match
tt3797512,Barb and Star Go to Vista Del Mar_2021,Barb and Star Go to Vista Del Mar,2021,no_match
tt0093011,Fatal Beauty_1987,Fatal Beauty,1987,no_match
tt0041113,All the King's Men_1949,All the King's Men,1949,no_match
tt0061512,Cool Hand Luke_1967,Cool Hand Luke,1967,no_match
tt14402146,Empire of Light_2022,Empire of Light,2022,no_match
tt6857376,Palmer_2021,Palmer,2021,no_match
tt2771200,Beauty and the Beast_2017,Beauty and the Beast,2017,no_match
tt8206668,Bad Education_2019,Bad Education,2019,no_match
tt0443649,"10,000 BC_2008","10,000 BC",2008,no_match
tt0093605,Near Dark_1987,Near Dark,1987,no_match
tt3416742,What We Do in the Shadows_2014,What We Do in the Shadows,2014,no_match
tt0082971,Indiana Jones and the Raiders of the Lost Ark_1981,Indiana Jones and the Raiders of the Lost Ark,1981,no_match
tt0256276,Possession_2002,Possession,2002,no_match
tt17351924,Saltburn_2023,Saltburn,2023,no_match
tt0360486,Constantine_2005,Constantine,2005,no_match
tt0325805,Matchstick Men_2003,Matchstick Men,2003,no_match
tt6511932,The Beach Bum_2019,The Beach Bum,2019,no_match
tt0084434,An Officer and a Gentleman_1982,An Officer and a Gentleman,1982,no_match
tt1251757,Middle Men_2009,Middle Men,2009,no_match
tt1355644,Passengers_2016,Passengers,2016,no_match
tt5758778,Skyscraper_2018,Skyscraper,2018,no_match
tt0112857,Devil in a Blue Dress_1995,Devil in a Blue Dress,1995,no_match
tt4669788,On the Basis of Sex_2018,On the Basis of Sex,2018,no_match
tt0975645,Hitchcock_2012,Hitchcock,2012,no_match
tt0093418,Like Father Like Son_1987,Like Father Like Son,1987,no_match
tt0103893,Buffy the Vampire Slayer_1992,Buffy the Vampire Slayer,1992,no_match
tt14376344,Cha Cha Real Smooth_2022,Cha Cha Real Smooth,2022,no_match
tt1016150,All Quiet on the Western Front_2022,All Quiet on the Western Front,2022,no_match
tt1966359,Father Figures_2017,Father Figures,2017,no_match
tt0990413,Sugar_2008,Sugar,2008,no_match
tt12536294,Spencer_2021,Spencer,2021,no_match
tt5164432,"Love, Simon_2018","Love, Simon",2018,no_match
tt0094701,Bad Dreams_1988,Bad Dreams,1988,no_match
tt5304992,Set It Up_2018,Set It Up,2018,no_match
tt0486583,Fred Claus_2007,Fred Claus,2007,no_match
tt0458413,A Long Way Down_2014,A Long Way Down,2014,no_match
tt1959563,The Hitman's Bodyguard_2017,The Hitman's Bodyguard,2017,no_match
tt9639470,Last Night in Soho_2021,Last Night in Soho,2021,no_match
tt8093700,The Woman King_2022,The Woman King,2022,no_match
tt0047677,The Wild One_1953,The Wild One,1953,no_match
tt0408236,Sweeney Todd: The Demon Barber of Fleet Street_2007,Sweeney Todd: The Demon Barber of Fleet Street,2007,no_match
tt1231277,S. Darko_2009,S. Darko,2009,no_match
tt0086927,Bachelor Party_1984,Bachelor Party,1984,no_match
tt1979376,Toy Story 4_2019,Toy Story 4,2019,no_match
tt1160419,Dune_2021,Dune,2021,no_match
tt0831387,Godzilla_2014,Godzilla,2014,no_match
tt0086190,Star Wars: Episode VI - Return of the Jedi_1983,Star Wars: Episode VI - Return of the Jedi,1983,no_match
tt11540284,8-Bit Christmas_2021,8-Bit Christmas,2021,no_match
tt0084602,Rocky III_1982,Rocky III,1982,no_match
tt0055824,Cape Fear_1962,Cape Fear,1962,no_match
tt3721954,Maudie_2016,Maudie,2016,no_match
tt4648786,Harriet_2019,Harriet,2019,no_match
tt10275534,To Catch a Killer_2023,To Catch a Killer,2023,no_match
tt0036104,The Leopard Man_1943,The Leopard Man,1943,no_match
tt0055601,Viridiana_1961,Viridiana,1961,no_match
tt0377749,Dead Birds_2004,Dead Birds,2004,no_match
tt9827834,Sylvie's Love_2020,Sylvie's Love,2020,no_match
tt1313092,Animal Kingdom_2010,Animal Kingdom,2010,no_match
tt12801262,Luca_2021,Luca,2021,no_match
tt2274648,Hellboy_2019,Hellboy,2019,no_match
tt13321244,Origin_2023,Origin,2023,no_match
tt0106220,Addams Family Values_1993,Addams Family Values,1993,no_match
tt0105187,The Public Eye_1992,The Public Eye,1992,no_match
tt0097758,Little Monsters_1989,Little Monsters,1989,no_match
tt3062096,Inferno_2016,Inferno,2016,no_match
tt0103874,Bram Stoker's Dracula_1992,Bram Stoker's Dracula,1992,no_match
tt4326444,Julieta_2016,Julieta,2016,no_match
tt3064298,Man Up_2015,Man Up,2015,no_match
tt1967614,The Comedian_2016,The Comedian,2016,no_match
tt9340860,Let Him Go_2020,Let Him Go,2020,no_match
tt6394270,Bombshell_2019,Bombshell,2019,no_match
tt0115685,The Birdcage_1996,The Birdcage,1996,no_match
tt1365050,Beasts of No Nation_2015,Beasts of No Nation,2015,no_match
tt0113690,Lord of Illusions_1995,Lord of Illusions,1995,no_match
tt0116514,Hellraiser: Bloodline_1996,Hellraiser: Bloodline,1996,no_match
tt11777738,A Hero_2021,A Hero,2021,no_match
tt4530422,Overlord_2018,Overlord,2018,no_match
tt2980592,The Guest_2014,The Guest,2014,no_match
tt7939766,I'm Thinking of Ending Things_2020,I'm Thinking of Ending Things,2020,no_match
tt0063442,Planet of the Apes_1968,Planet of the Apes,1968,no_match
tt0088930,Clue_1985,Clue,1985,no_match
tt0114084,Panther_1995,Panther,1995,no_match
tt2291540,My Friend Dahmer_2017,My Friend Dahmer,2017,no_match
tt21867434,BlackBerry_2023,BlackBerry,2023,no_match
tt10539608,The Midnight Sky_2020,The Midnight Sky,2020,no_match
tt0099892,Joe Versus the Volcano_1990,Joe Versus the Volcano,1990,no_match
tt17663992,Scream VI_2023,Scream VI,2023,no_match
tt1560220,Zombieland: Double Tap_2019,Zombieland: Double Tap,2019,no_match
tt0090142,Teen Wolf_1985,Teen Wolf,1985,no_match
tt14458442,The Son_2022,The Son,2022,no_match
tt6398184,Downton Abbey_2019,Downton Abbey,2019,no_match
tt0119381,Inventing the Abbotts_1997,Inventing the Abbotts,1997,no_match
tt0087050,Children of the Corn_1984,Children of the Corn,1984,no_match
tt0103594,1492: Conquest of Paradise_1992,1492: Conquest of Paradise,1992,no_match
tt0104155,Dust Devil_1992,Dust Devil,1992,no_match
tt0104073,Deep Cover_1992,Deep Cover,1992,no_match
tt1489887,Booksmart_2019,Booksmart,2019,no_match
tt13287846,Napoleon_2023,Napoleon,2023,no_match
tt8009428,Hustle_2022,Hustle,2022,no_match
tt3521126,The Disaster Artist_2017,The Disaster Artist,2017,no_match
tt10065694,Antebellum_2020,Antebellum,2020,no_match
tt2584384,Jojo Rabbit_2019,Jojo Rabbit,2019,no_match
tt0116922,Lost Highway_1997,Lost Highway,1997,no_match
tt4123430,Fantastic Beasts: The Crimes of Grindelwald_2018,Fantastic Beasts: The Crimes of Grindelwald,2018,no_match
tt3513500,Chip 'n Dale: Rescue Rangers_2022,Chip 'n Dale: Rescue Rangers,2022,no_match
tt9784798,Judas and the Black Messiah_2021,Judas and the Black Messiah,2021,no_match
tt3960412,Popstar: Never Stop Never Stopping_2016,Popstar: Never Stop Never Stopping,2016,no_match
tt6966692,Green Book_2018,Green Book,2018,no_match
tt1034415,Suspiria_2018,Suspiria,2018,no_match
tt2948372,Soul_2020,Soul,2020,no_match
tt0430357,Miami Vice_2006,Miami Vice,2006,no_match
tt0110148,Interview with the Vampire: The Vampire Chronicles_1994,Interview with the Vampire: The Vampire Chronicles,1994,no_match
tt11145118,Creed III_2023,Creed III,2023,no_match
tt13650600,Emergency_2022,Emergency,2022,no_match
tt4034228,Manchester by the Sea_2016,Manchester by the Sea,2016,no_match
tt0038343,Bedlam_1946,Bedlam,1946,no_match
tt15791034,Barbarian_2022,Barbarian,2022,no_match
tt0287138,Who's Your Daddy?_2002,Who's Your Daddy?,2002,no_match
tt0113497,Jumanji_1995,Jumanji,1995,no_match
tt2554274,Crimson Peak_2015,Crimson Peak,2015,no_match
tt21940010,A Million Miles Away_2023,A Million Miles Away,2023,no_match
tt6294822,The Post_2017,The Post,2017,no_match
tt8105234,Flamin' Hot_2023,Flamin' Hot,2023,no_match
tt7984766,The King_2019,The King,2019,no_match
tt2039338,Flatliners_2017,Flatliners,2017,no_match
tt0093748,"Planes, Trains & Automobiles_1987","Planes, Trains & Automobiles",1987,no_match
tt11727866,Catherine Called Birdy_2022,Catherine Called Birdy,2022,no_match
tt0095294,Hellbound: Hellraiser II_1988,Hellbound: Hellraiser II,1988,no_match
tt5535276,Maestro_2023,Maestro,2023,no_match
tt2404181,Belle_2013,Belle,2013,no_match
tt1856101,Blade Runner 2049_2017,Blade Runner 2049,2017,no_match
tt2406566,Atomic Blonde_2017,Atomic Blonde,2017,no_match
tt8258502,Foe_2023,Foe,2023,no_match
tt8291806,Pain and Glory_2019,Pain and Glory,2019,no_match
tt4682804,Lucy in the Sky_2019,Lucy in the Sky,2019,no_match
tt2704998,Game Night_2018,Game Night,2018,no_match
tt0113492,Judge Dredd_1995,Judge Dredd,1995,no_match
tt9764362,The Menu_2022,The Menu,2022,no_match
tt1700845,The Invisible Woman_2013,The Invisible Woman,2013,no_match
tt0905372,The Thing_2011,The Thing,2011,no_match
tt1396484,It_2017,It,2017,no_match
tt1488589,Guillermo del Toro's Pinocchio_2022,Guillermo del Toro's Pinocchio,2022,no_match
tt5711148,Film Stars Don't Die in Liverpool_2017,Film Stars Don't Die in Liverpool,2017,no_match
tt3564472,Girls Trip_2017,Girls Trip,2017,no_match
tt0108160,Sleepless in Seattle_1993,Sleepless in Seattle,1993,no_match
tt0094008,Someone to Watch Over Me_1987,Someone to Watch Over Me,1987,no_match
tt0099703,The Grifters_1990,The Grifters,1990,no_match
tt1655389,Blonde_2022,Blonde,2022,no_match
tt6343314,Creed II_2018,Creed II,2018,no_match
tt2091935,Mr. Right_2015,Mr. Right,2015,no_match
tt0097368,The Fly II_1989,The Fly II,1989,no_match
tt3714720,The Hollars_2016,The Hollars,2016,no_match
tt12889404,Cyrano_2021,Cyrano,2021,no_match
tt4276820,The Founder_2016,The Founder,2016,no_match
tt7740496,Nightmare Alley_2021,Nightmare Alley,2021,no_match
tt1606392,Win Win_2011,Win Win,2011,no_match
tt13143964,Borat Subsequent Moviefilm_2020,Borat Subsequent Moviefilm,2020,no_match
tt0093822,Raising Arizona_1987,Raising Arizona,1987,no_match
tt2126357,Second Act_2018,Second Act,2018,no_match
tt0364045,Taking Lives_2004,Taking Lives,2004,no_match
tt14160834,Rustin_2023,Rustin,2023,no_match
tt0047849,Bad Day at Black Rock_1955,Bad Day at Black Rock,1955,no_match
tt0103772,Basic Instinct_1992,Basic Instinct,1992,no_match
tt2737304,Bird Box_2018,Bird Box,2018,no_match
tt0094332,The Witches of Eastwick_1987,The Witches of Eastwick,1987,no_match
tt2119532,Hacksaw Ridge_2016,Hacksaw Ridge,2016,no_match
tt6423362,The Sun Is Also a Star_2019,The Sun Is Also a Star,2019,no_match
tt5057140,Hold the Dark_2018,Hold the Dark,2018,no_match
tt8430598,Shirley_2020,Shirley,2020,no_match
tt2935510,Ad Astra_2019,Ad Astra,2019,no_match
tt1441940,Broken_2012,Broken,2012,no_match
tt0448179,Wild Things: Diamonds in the Rough_2005,Wild Things: Diamonds in the Rough,2005,no_match
tt2349144,Mississippi Grind_2015,Mississippi Grind,2015,no_match
tt2119543,The House with a Clock in Its Walls_2018,The House with a Clock in Its Walls,2018,no_match
tt3846674,To All the Boys I've Loved Before_2018,To All the Boys I've Loved Before,2018,no_match
tt0067180,"Happy Birthday, Wanda June_1971","Happy Birthday, Wanda June",1971,no_match
tt9484998,Palm Springs_2020,Palm Springs,2020,no_match
tt0101998,Hangin' with the Homeboys_1991,Hangin' with the Homeboys,1991,no_match
tt0307879,Burning Annie_2004,Burning Annie,2004,no_match
tt1241317,Death Note_2017,Death Note,2017,no_match
tt14369780,Lady Chatterley's Lover_2022,Lady Chatterley's Lover,2022,no_match
tt0087957,Purple Rain_1984,Purple Rain,1984,no_match
tt10665338,Halloween Kills_2021,Halloween Kills,2021,no_match
tt2798920,Annihilation_2018,Annihilation,2018,no_match
tt8579674,1917_2019,1917,2019,no_match
tt5688932,Sorry to Bother You_2018,Sorry to Bother You,2018,no_match
tt6499752,Upgrade_2018,Upgrade,2018,no_match
tt0489049,Fanboys_2009,Fanboys,2009,no_match
tt0093209,Hope and Glory_1987,Hope and Glory,1987,no_match
tt0105128,Pet Sematary II_1992,Pet Sematary II,1992,no_match
tt13403046,Fresh_2022,Fresh,2022,no_match
tt7668870,Searching_2018,Searching,2018,no_match
tt2948356,Zootopia_2016,Zootopia,2016,no_match
tt0107211,Indecent Proposal_1993,Indecent Proposal,1993,no_match
tt0112572,The Brady Bunch Movie_1995,The Brady Bunch Movie,1995,no_match
tt9051908,Living_2022,Living,2022,no_match
tt0829193,Honeydripper_2007,Honeydripper,2007,no_match
tt14900738,Meet Cute_2022,Meet Cute,2022,no_match
tt2316204,Alien: Covenant_2017,Alien: Covenant,2017,no_match
tt3706352,All the Old Knives_2022,All the Old Knives,2022,no_match
tt0403407,Perfect Creature_2006,Perfect Creature,2006,no_match
tt0096734,The 'Burbs_1989,The 'Burbs,1989,no_match
tt6571548,The White Tiger_2021,The White Tiger,2021,no_match
tt7734218,Stuber_2019,Stuber,2019,no_match
tt0276816,Below_2002,Below,2002,no_match
tt5112578,Super Dark Times_2017,Super Dark Times,2017,no_match
tt0110006,Heavyweights_1995,Heavyweights,1995,no_match
tt2935476,Far from the Madding Crowd_2015,Far from the Madding Crowd,2015,no_match
tt0037549,The Body Snatcher_1945,The Body Snatcher,1945,no_match
tt2386490,How to Train Your Dragon: The Hidden World_2019,How to Train Your Dragon: The Hidden World,2019,no_match
tt1783732,John Dies at the End_2012,John Dies at the End,2012,no_match
tt5918074,A Death in the Gunj_2016,A Death in the Gunj,2016,no_match
tt3236120,I'll See You in My Dreams_2015,I'll See You in My Dreams,2015,no_match
tt0101786,Dutch_1991,Dutch,1991,no_match
tt2179116,The Kings of Summer_2013,The Kings of Summer,2013,no_match
tt0106598,Coneheads_1993,Coneheads,1993,no_match
tt7737528,Kate_2021,Kate,2021,no_match
tt8589698,Teenage Mutant Ninja Turtles: Mutant Mayhem_2023,Teenage Mutant Ninja Turtles: Mutant Mayhem,2023,no_match
tt0095705,The Naked Gun: From the Files of Police Squad!_1988,The Naked Gun: From the Files of Police Squad!,1988,no_match
tt10161886,The Prom_2020,The Prom,2020,no_match
tt4501454,The Meddler_2015,The Meddler,2015,no_match
tt0106453,Body of Evidence_1992,Body of Evidence,1992,no_match
tt5580390,The Shape of Water_2017,The Shape of Water,2017,no_match
tt6412452,The Ballad of Buster Scruggs_2018,The Ballad of Buster Scruggs,2018,no_match
tt6264654,Free Guy_2021,Free Guy,2021,no_match
tt0066434,THX 1138_1971,THX 1138,1971,no_match
tt7280898,22 July_2018,22 July,2018,no_match
tt2582782,Hell or High Water_2016,Hell or High Water,2016,no_match
tt2823054,Mike and Dave Need Wedding Dates_2016,Mike and Dave Need Wedding Dates,2016,no_match
tt0076590,Rabid_1977,Rabid,1977,no_match
tt13139228,My Policeman_2022,My Policeman,2022,no_match
tt1127715,Sin Nombre_2009,Sin Nombre,2009,no_match
tt7125860,If Beale Street Could Talk_2018,If Beale Street Could Talk,2018,no_match
tt4193072,How to Build a Girl_2019,How to Build a Girl,2019,no_match
tt8851668,The Lovebirds_2020,The Lovebirds,2020,no_match
tt0034587,Cat People_1942,Cat People,1942,no_match
tt3471098,Maggie's Plan_2015,Maggie's Plan,2015,no_match
tt6751668,Parasite_2019,Parasite,2019,no_match
tt5726616,Call Me by Your Name_2017,Call Me by Your Name,2017,no_match
tt0175526,Cherry Falls_2000,Cherry Falls,2000,no_match
tt5716464,Breathe_2017,Breathe,2017,no_match
tt0083511,48 Hrs._1982,48 Hrs.,1982,no_match
tt1714915,Only Lovers Left Alive_2013,Only Lovers Left Alive,2013,no_match
tt2321549,The Babadook_2014,The Babadook,2014,no_match
tt1605717,Frank_2014,Frank,2014,no_match
tt5989218,Life Itself_2018,Life Itself,2018,no_match
tt5362988,Wind River_2017,Wind River,2017,no_match
tt2053425,Rust and Bone_2012,Rust and Bone,2012,no_match
tt9898858,Coffee & Kareem_2020,Coffee & Kareem,2020,no_match
tt0024216,King Kong_1933,King Kong,1933,no_match
tt0067185,Harold and Maude_1971,Harold and Maude,1971,no_match
tt0219822,Human Nature_2001,Human Nature,2001,no_match
tt1233334,Pariah_2011,Pariah,2011,no_match
tt0393109,Brick_2005,Brick,2005,no_match
tt0108174,So I Married an Axe Murderer_1993,So I Married an Axe Murderer,1993,no_match
tt10293406,The Power of the Dog_2021,The Power of the Dog,2021,no_match
tt0067525,The Omega Man_1971,The Omega Man,1971,no_match
tt5827916,A Hidden Life_2019,A Hidden Life,2019,no_match
tt0816462,Conan the Barbarian_2011,Conan the Barbarian,2011,no_match
tt9100054,The Lost Daughter_2021,The Lost Daughter,2021,no_match
tt2452150,Respect_2021,Respect,2021,no_match
tt0100791,To Sleep with Anger_1990,To Sleep with Anger,1990,no_match
tt0210070,Ginger Snaps_2000,Ginger Snaps,2000,no_match
tt0076913,Which Way Is Up?_1977,Which Way Is Up?,1977,no_match
tt2531344,Blockers_2018,Blockers,2018,no_match
tt13968674,Fingernails_2023,Fingernails,2023,no_match
tt7464188,In Fabric_2018,In Fabric,2018,no_match
tt0109288,Blankman_1994,Blankman,1994,no_match
tt23561236,American Fiction_2023,American Fiction,2023,no_match
tt10612922,One Night in Miami..._2020,One Night in Miami...,2020,no_match
tt1969062,Infinitely Polar Bear_2014,Infinitely Polar Bear,2014,no_match
tt0837563,Pet Sematary_2019,Pet Sematary,2019,no_match
tt4123432,Fantastic Beasts: The Secrets of Dumbledore_2022,Fantastic Beasts: The Secrets of Dumbledore,2022,no_match
tt5462602,The Big Sick_2017,The Big Sick,2017,no_match
tt24076146,The Persian Version_2023,The Persian Version,2023,no_match
tt1100089,Foxcatcher_2014,Foxcatcher,2014,no_match
tt0402910,Chaos_2005,Chaos,2005,no_match
tt0790770,Miles Ahead_2015,Miles Ahead,2015,no_match
tt1657517,The Song of Names_2019,The Song of Names,2019,no_match
tt3263904,Sully_2016,Sully,2016,no_match
tt9620292,Promising Young Woman_2020,Promising Young Woman,2020,no_match
tt0115610,Bad Moon_1996,Bad Moon,1996,no_match
tt0089504,Lost in America_1985,Lost in America,1985,no_match
tt0108037,The Sandlot_1993,The Sandlot,1993,no_match
tt0097737,Leviathan_1989,Leviathan,1989,no_match
tt3750872,The Wife_2017,The Wife,2017,no_match
tt0100842,The Unbelievable Truth_1989,The Unbelievable Truth,1989,no_match
tt1262990,Paradise_2013,Paradise,2013,no_match
tt2937254,Balls Out_2014,Balls Out,2014,no_match
tt2872462,Mistress America_2015,Mistress America,2015,no_match
tt7339248,The Art of Self-Defense_2019,The Art of Self-Defense,2019,no_match
tt0042609,The Jackie Robinson Story_1950,The Jackie Robinson Story,1950,no_match
tt2258858,Wadjda_2012,Wadjda,2012,no_match
tt0094898,Coming to America_1988,Coming to America,1988,no_match
tt0093565,Moonstruck_1987,Moonstruck,1987,no_match
tt0099739,Hard to Kill_1990,Hard to Kill,1990,no_match
tt5503686,Hustlers_2019,Hustlers,2019,no_match
tt2063781,Smashed_2012,Smashed,2012,no_match
tt0132910,The Crow: Salvation_2000,The Crow: Salvation,2000,no_match
tt0092106,The Transformers: The Movie_1986,The Transformers: The Movie,1986,no_match
tt1920945,Good Vibrations_2012,Good Vibrations,2012,no_match
tt22687790,A Haunting in Venice_2023,A Haunting in Venice,2023,no_match
tt7242142,Blindspotting_2018,Blindspotting,2018,no_match
tt0106302,Arcade_1993,Arcade,1993,no_match
tt0109838,Freaked_1993,Freaked,1993,no_match
tt4158096,Free Fire_2016,Free Fire,2016,no_match
tt3316948,American Ultra_2015,American Ultra,2015,no_match
tt0063663,The Swimmer_1968,The Swimmer,1968,no_match
tt8722346,Queen & Slim_2019,Queen & Slim,2019,no_match
tt0790721,Normal Adolescent Behavior_2007,Normal Adolescent Behavior,2007,no_match
tt1278379,Jack Goes Boating_2010,Jack Goes Boating,2010,no_match
tt0887971,While She Was Out_2008,While She Was Out,2008,no_match
tt6896536,Foxtrot_2017,Foxtrot,2017,no_match
tt12800524,Encounter_2021,Encounter,2021,no_match
tt2507238,Me Him Her_2015,Me Him Her,2015,no_match
tt16304446,Fair Play_2023,Fair Play,2023,no_match
tt0274546,Hellraiser: Hellseeker_2002,Hellraiser: Hellseeker,2002,no_match
tt15339456,Marcel the Shell with Shoes On_2021,Marcel the Shell with Shoes On,2021,no_match
tt8019694,Frankie_2019,Frankie,2019,no_match
tt0076729,Smokey and the Bandit_1977,Smokey and the Bandit,1977,no_match
tt5052448,Get Out_2017,Get Out,2017,no_match
tt4555426,Darkest Hour_2017,Darkest Hour,2017,no_match
tt3824648,Big Time Adolescence_2019,Big Time Adolescence,2019,no_match
tt0110413,Léon_1994,Léon,1994,no_match
tt0099365,Darkman_1990,Darkman,1990,no_match
tt0083190,Thief_1981,Thief,1981,no_match
tt0113972,Nick of Time_1995,Nick of Time,1995,no_match
tt11813216,The Banshees of Inisherin_2022,The Banshees of Inisherin,2022,no_match
tt0462499,Rambo_2008,Rambo,2008,no_match
tt15679400,Knock at the Cabin_2023,Knock at the Cabin,2023,no_match
tt6662736,What They Had_2018,What They Had,2018,no_match
tt0081150,Melvin and Howard_1980,Melvin and Howard,1980,no_match
tt0024368,Mystery of the Wax Museum_1933,Mystery of the Wax Museum,1933,no_match
tt0097503,Hider in the House_1989,Hider in the House,1989,no_match
tt7888964,Nobody_2021,Nobody,2021,no_match
tt17076046,Weird: The Al Yankovic Story_2022,Weird: The Al Yankovic Story,2022,no_match
tt0757361,Margot at the Wedding_2007,Margot at the Wedding,2007,no_match
tt6266538,Vice_2018,Vice,2018,no_match
tt6225520,The Man Who Invented Christmas_2017,The Man Who Invented Christmas,2017,no_match
tt0093589,My Demon Lover_1987,My Demon Lover,1987,no_match
tt7137380,Destroyer_2018,Destroyer,2018,no_match
tt0159382,Croupier_1998,Croupier,1998,no_match
tt13207508,Swan Song_2021,Swan Song,2021,no_match
tt0077681,The Hills Have Eyes_1977,The Hills Have Eyes,1977,no_match
tt15428940,Jules_2023,Jules,2023,no_match
tt2911666,John Wick_2014,John Wick,2014,no_match
tt11976532,Vengeance_2022,Vengeance,2022,no_match
tt16419074,Air_2023,Air,2023,no_match
tt10451852,Nine Days_2020,Nine Days,2020,no_match
tt8368408,Gunpowder Milkshake_2021,Gunpowder Milkshake,2021,no_match
tt0857191,The Visitor_2007,The Visitor,2007,no_match
tt13833688,The Whale_2022,The Whale,2022,no_match
tt0254099,The Anniversary Party_2001,The Anniversary Party,2001,no_match
tt2582496,Me and Earl and the Dying Girl_2015,Me and Earl and the Dying Girl,2015,no_match
tt1086064,Bill & Ted Face the Music_2020,Bill & Ted Face the Music,2020,no_match
tt1013752,Fast & Furious_2009,Fast & Furious,2009,no_match
tt5322012,Wish Upon_2017,Wish Upon,2017,no_match
tt5929754,Wildlife_2018,Wildlife,2018,no_match
tt3958780,Equity_2016,Equity,2016,no_match
tt1482459,The Lorax_2012,The Lorax,2012,no_match
tt2370248,Short Term 12_2013,Short Term 12,2013,no_match
tt5805752,Brigsby Bear_2017,Brigsby Bear,2017,no_match
tt1107319,Dirty Girl_2010,Dirty Girl,2010,no_match
tt13669038,Women Talking_2022,Women Talking,2022,no_match
tt0810819,The Danish Girl_2015,The Danish Girl,2015,no_match
tt4960748,Till_2022,Till,2022,no_match
tt6418778,Fast Color_2018,Fast Color,2018,no_match
tt0095583,Maniac Cop_1988,Maniac Cop,1988,no_match
tt0098554,Uncle Buck_1989,Uncle Buck,1989,no_match
tt0056412,Ride the High Country_1962,Ride the High Country,1962,no_match
tt14483774,Shortcomings_2023,Shortcomings,2023,no_match
tt2234003,Calvary_2014,Calvary,2014,no_match
tt8079248,Yesterday_2019,Yesterday,2019,no_match
tt3313066,Coriolanus_2014,Coriolanus,2014,no_match
tt0045917,Invaders from Mars_1953,Invaders from Mars,1953,no_match
tt6878306,News of the World_2020,News of the World,2020,no_match
tt3077214,Suffragette_2015,Suffragette,2015,no_match
tt0079271,Hardcore_1979,Hardcore,1979,no_match
tt5308322,Happy Death Day_2017,Happy Death Day,2017,no_match
tt0417385,12 and Holding_2005,12 and Holding,2005,no_match
tt0091209,The Hitcher_1986,The Hitcher,1986,no_match
tt0102181,Kafka_1991,Kafka,1991,no_match
tt14849194,The Holdovers_2023,The Holdovers,2023,no_match
tt5884230,Brad's Status_2017,Brad's Status,2017,no_match
tt0101410,Barton Fink_1991,Barton Fink,1991,no_match
tt7014006,Eighth Grade_2018,Eighth Grade,2018,no_match
tt0338963,Encrypt_2003,Encrypt,2003,no_match
tt0080130,When a Stranger Calls_1979,When a Stranger Calls,1979,no_match
tt5519340,Bright_2017,Bright,2017,no_match
tt11286210,Master_2022,Master,2022,no_match
tt13453006,Red Rocket_2021,Red Rocket,2021,no_match
tt5710514,I Don't Feel at Home in This World Anymore._2017,I Don't Feel at Home in This World Anymore.,2017,no_match
tt4302938,Kubo and the Two Strings_2016,Kubo and the Two Strings,2016,no_match
tt2953050,Encanto_2021,Encanto,2021,no_match
tt3631112,The Girl on the Train_2016,The Girl on the Train,2016,no_match
tt0089155,Fletch_1985,Fletch,1985,no_match
tt2663812,An Adventure in Space and Time_2013,An Adventure in Space and Time,2013,no_match
tt14444726,Tár_2022,Tár,2022,no_match
tt3553976,Captain Fantastic_2016,Captain Fantastic,2016,no_match
tt0914837,44 Inch Chest_2009,44 Inch Chest,2009,no_match
tt2486678,5 to 7_2014,5 to 7,2014,no_match
tt9198364,Three Thousand Years of Longing_2022,Three Thousand Years of Longing,2022,no_match
tt1992258,Tower Block_2012,Tower Block,2012,no_match
tt1878870,The Edge of Seventeen_2016,The Edge of Seventeen,2016,no_match
tt7798634,Ready or Not_2019,Ready or Not,2019,no_match
tt0054387,The Time Machine_1960,The Time Machine,1960,no_match
tt0089686,A Nightmare on Elm Street 2: Freddy's Revenge_1985,A Nightmare on Elm Street 2: Freddy's Revenge,1985,no_match
tt10265034,Land_2021,Land,2021,no_match
tt2639344,Love Is Strange_2014,Love Is Strange,2014,no_match
tt3841424,Land of Mine_2015,Land of Mine,2015,no_match
tt0063462,The Producers_1967,The Producers,1967,no_match
tt6108178,Disobedience_2017,Disobedience,2017,no_match
tt4550098,Nocturnal Animals_2016,Nocturnal Animals,2016,no_match
tt3640682,I Smile Back_2015,I Smile Back,2015,no_match
tt17527468,Bottoms_2023,Bottoms,2023,no_match
tt0065724,Five Easy Pieces_1970,Five Easy Pieces,1970,no_match
tt0089424,Kiss of the Spider Woman_1985,Kiss of the Spider Woman,1985,no_match
tt10731256,Don't Worry Darling_2022,Don't Worry Darling,2022,no_match
tt19770238,Aftersun_2022,Aftersun,2022,no_match
tt5649144,The Florida Project_2017,The Florida Project,2017,no_match
tt8637440,The Climb_2019,The Climb,2019,no_match
tt4925292,Lady Bird_2017,Lady Bird,2017,no_match
tt0293429,Mortal Kombat_2021,Mortal Kombat,2021,no_match
tt1853739,You're Next_2011,You're Next,2011,no_match
tt3464902,The Lobster_2015,The Lobster,2015,no_match
tt4975722,Moonlight_2016,Moonlight,2016,no_match
tt2891174,99 Homes_2014,99 Homes,2014,no_match
tt0118750,Booty Call_1997,Booty Call,1997,no_match
tt1925435,Frankenstein's Army_2013,Frankenstein's Army,2013,no_match
tt2066051,Rocketman_2019,Rocketman,2019,no_match
tt1046947,Last Chance Harvey_2008,Last Chance Harvey,2008,no_match
tt2884018,Macbeth_2015,Macbeth,2015,no_match
tt1321510,In the Heights_2021,In the Heights,2021,no_match
tt2991516,13_13_13_2013,13_13_13,2013,no_match
tt0070849,Last Tango in Paris_1972,Last Tango in Paris,1972,no_match
tt11389748,Mass_2021,Mass,2021,no_match
tt5083738,The Favourite_2018,The Favourite,2018,no_match
tt8721424,"tick, tick... BOOM!_2021","tick, tick... BOOM!",2021,no_match
tt0070337,Lost Horizon_1973,Lost Horizon,1973,no_match
tt10954984,Nope_2022,Nope,2022,no_match
tt0089927,Rocky IV_1985,Rocky IV,1985,no_match
tt0110604,Mute Witness_1995,Mute Witness,1995,no_match
tt0073440,Nashville_1975,Nashville,1975,no_match
tt0113820,Mighty Morphin Power Rangers: The Movie_1995,Mighty Morphin Power Rangers: The Movie,1995,no_match
tt0037820,Isle of the Dead_1945,Isle of the Dead,1945,no_match
tt3623726,Ricki and the Flash_2015,Ricki and the Flash,2015,no_match
tt9683478,The Half of It_2020,The Half of It,2020,no_match
tt0113677,Living in Oblivion_1995,Living in Oblivion,1995,no_match
tt21942866,Dream Scenario_2023,Dream Scenario,2023,no_match
tt4273800,The Good Nurse_2022,The Good Nurse,2022,no_match
tt4669986,Loving_2016,Loving,2016,no_match
tt8649344,Blue Jean_2022,Blue Jean,2022,no_match
tt0091369,Labyrinth_1986,Labyrinth,1986,no_match
tt0100157,Misery_1990,Misery,1990,no_match
tt20420628,Freud's Last Session_2023,Freud's Last Session,2023,no_match
tt2667918,About Alex_2014,About Alex,2014,no_match
tt6977338,Good Boys_2019,Good Boys,2019,no_match
tt0083624,Basket Case_1982,Basket Case,1982,no_match
tt3062976,Learning to Drive_2014,Learning to Drive,2014,no_match
tt6857112,Us_2019,Us,2019,no_match
tt0186589,Sugar & Spice_2001,Sugar & Spice,2001,no_match
tt1763264,No One Lives_2012,No One Lives,2012,no_match
tt2937696,Everybody Wants Some!!_2016,Everybody Wants Some!!,2016,no_match
tt6018306,Last Flag Flying_2017,Last Flag Flying,2017,no_match
tt0104409,Hellraiser III: Hell on Earth_1992,Hellraiser III: Hell on Earth,1992,no_match
tt7322224,Triangle of Sadness_2022,Triangle of Sadness,2022,no_match
tt0099740,Hardware_1990,Hardware,1990,no_match
tt1502407,Halloween_2018,Halloween,2018,no_match
tt0486051,Wind Chill_2007,Wind Chill,2007,no_match
tt8267604,Capernaum_2018,Capernaum,2018,no_match
tt0119280,Mrs. Brown_1997,Mrs. Brown,1997,no_match
tt1311071,Kill Your Darlings_2013,Kill Your Darlings,2013,no_match
tt0036027,I Walked with a Zombie_1943,I Walked with a Zombie,1943,no_match
tt8367814,The Gentlemen_2019,The Gentlemen,2019,no_match
tt2316411,Enemy_2013,Enemy,2013,no_match
tt0113198,A Goofy Movie_1995,A Goofy Movie,1995,no_match
tt7488208,Over the Moon_2020,Over the Moon,2020,no_match
tt0097757,The Little Mermaid_1989,The Little Mermaid,1989,no_match
tt0974014,Creation_2009,Creation,2009,no_match
tt0452702,Vacancy_2007,Vacancy,2007,no_match
tt1603257,ATM_2012,ATM,2012,no_match
tt0429493,The A-Team_2010,The A-Team,2010,no_match
tt9206798,All Is True_2018,All Is True,2018,no_match
tt2254364,American Milkshake_2013,American Milkshake,2013,no_match
tt10095582,The Tragedy of Macbeth_2021,The Tragedy of Macbeth,2021,no_match
tt5363618,Sound of Metal_2019,Sound of Metal,2019,no_match
tt1531804,Murderland_2009,Murderland,2009,no_match
tt4385888,20th Century Women_2016,20th Century Women,2016,no_match
tt0088936,Code of Silence_1985,Code of Silence,1985,no_match
tt2084989,Upstream Color_2013,Upstream Color,2013,no_match
tt10633456,Minari_2020,Minari,2020,no_match
tt5027774,"Three Billboards Outside Ebbing, Missouri_2017","Three Billboards Outside Ebbing, Missouri",2017,no_match
tt6968614,The Mother_2023,The Mother,2023,no_match
tt4364194,The Peanut Butter Falcon_2019,The Peanut Butter Falcon,2019,no_match
tt5715874,The Killing of a Sacred Deer_2017,The Killing of a Sacred Deer,2017,no_match
tt14954534,Cassandro_2023,Cassandro,2023,no_match
tt0175142,Scary Movie_2000,Scary Movie,2000,no_match
tt1226837,Beautiful Boy_2018,Beautiful Boy,2018,no_match
tt2404639,The Happy Prince_2018,The Happy Prince,2018,no_match
tt0810988,The Nines_2007,The Nines,2007,no_match
tt3021360,Faults_2014,Faults,2014,no_match
tt3892172,Leave No Trace_2018,Leave No Trace,2018,no_match
tt12789558,Belfast_2021,Belfast,2021,no_match
tt7347846,The Lodge_2019,The Lodge,2019,no_match
tt2671706,Fences_2016,Fences,2016,no_match
tt2345737,The Rover_2014,The Rover,2014,no_match
tt0116282,Fargo_1996,Fargo,1996,no_match
tt0490076,All the Boys Love Mandy Lane_2006,All the Boys Love Mandy Lane,2006,no_match
tt8637428,The Farewell_2019,The Farewell,2019,no_match
tt2400463,The Invitation_2015,The Invitation,2015,no_match
tt0088117,"Silent Night, Deadly Night_1984","Silent Night, Deadly Night",1984,no_match
tt0221069,Chasing Sleep_2000,Chasing Sleep,2000,no_match
tt12618926,Parallel Mothers_2021,Parallel Mothers,2021,no_match
tt10696784,The Harder They Fall_2021,The Harder They Fall,2021,no_match
tt3783958,La La Land_2016,La La Land,2016,no_match
tt26612950,The Teachers' Lounge_2023,The Teachers' Lounge,2023,no_match
tt10243992,I'm Your Woman_2020,I'm Your Woman,2020,no_match
tt0264323,2001 Maniacs_2005,2001 Maniacs,2005,no_match
tt3068194,Love & Friendship_2016,Love & Friendship,2016,no_match
tt4882376,First They Killed My Father_2017,First They Killed My Father,2017,no_match
tt0491747,Away from Her_2006,Away from Her,2006,no_match
tt8893974,Passing_2021,Passing,2021,no_match
tt13651794,May December_2023,May December,2023,no_match
tt0337636,Hellraiser: Deader_2005,Hellraiser: Deader,2005,no_match
tt5610554,Tully_2018,Tully,2018,no_match
tt9005184,Dual_2022,Dual,2022,no_match
tt0023969,Duck Soup_1933,Duck Soup,1933,no_match
tt10272386,The Father_2020,The Father,2020,no_match
tt6484982,Newton_2017,Newton,2017,no_match
tt0112594,A Bucket of Blood_1995,A Bucket of Blood,1995,no_match
tt0086979,Blood Simple_1984,Blood Simple,1984,no_match
tt5028340,Mary Poppins Returns_2018,Mary Poppins Returns,2018,no_match
tt8244784,The Hunt_2020,The Hunt,2020,no_match
tt1104126,Shifty_2008,Shifty,2008,no_match
tt5109280,Raya and the Last Dragon_2021,Raya and the Last Dragon,2021,no_match
tt0067128,Get Carter_1971,Get Carter,1971,no_match
tt11866324,Prey_2022,Prey,2022,no_match
tt0093058,Full Metal Jacket_1987,Full Metal Jacket,1987,no_match
tt3416532,A Monster Calls_2016,A Monster Calls,2016,no_match
tt7752126,Brightburn_2019,Brightburn,2019,no_match
tt5580036,"I, Tonya_2017","I, Tonya",2017,no_match
tt9016016,Saint Frances_2019,Saint Frances,2019,no_match
tt0085750,Jaws 3-D_1983,Jaws 3-D,1983,no_match
tt5774062,Spontaneous_2020,Spontaneous,2020,no_match
tt3224458,A Beautiful Day in the Neighborhood_2019,A Beautiful Day in the Neighborhood,2019,no_match
tt6998518,Mandy_2018,Mandy,2018,no_match
tt2883512,Chef_2014,Chef,2014,no_match
tt11398346,Strawberry Mansion_2021,Strawberry Mansion,2021,no_match
tt1433810,Dhobi Ghat_2010,Dhobi Ghat,2010,no_match
tt3416744,The End of the Tour_2015,The End of the Tour,2015,no_match
tt0114582,Superfights_1995,Superfights,1995,no_match
tt8633478,Run_2020,Run,2020,no_match
tt0118564,Affliction_1997,Affliction,1997,no_match
tt1663655,Martyrs_2015,Martyrs,2015,no_match
tt0108200,Spare Me_1993,Spare Me,1993,no_match
tt0088683,Agnes of God_1985,Agnes of God,1985,no_match
tt6644200,A Quiet Place_2018,A Quiet Place,2018,no_match
tt5439812,Zola_2020,Zola,2020,no_match
tt1068649,I've Loved You So Long_2008,I've Loved You So Long,2008,no_match
tt0120238,SubUrbia_1996,SubUrbia,1996,no_match
tt9731534,The Night House_2020,The Night House,2020,no_match
tt0154506,Following_1998,Following,1998,no_match
tt0047673,White Christmas_1954,White Christmas,1954,no_match
tt9770150,Nomadland_2020,Nomadland,2020,no_match
tt16402818,The Civil Dead_2022,The Civil Dead,2022,no_match
tt6341832,Oxygen_2021,Oxygen,2021,no_match
tt0073705,Shivers_1975,Shivers,1975,no_match
tt9606374,On the Rocks_2020,On the Rocks,2020,no_match
tt0080761,Friday the 13th_1980,Friday the 13th,1980,no_match
tt6169694,I Think We're Alone Now_2018,I Think We're Alone Now,2018,no_match
tt10514222,Ma Rainey's Black Bottom_2020,Ma Rainey's Black Bottom,2020,no_match
tt0421090,Zerophilia_2005,Zerophilia,2005,no_match
tt9347730,Candyman_2021,Candyman,2021,no_match
tt6791238,Totem_2017,Totem,2017,no_match
tt0080180,Zulu Dawn_1979,Zulu Dawn,1979,no_match
tt8521718,The United States vs. Billie Holiday_2021,The United States vs. Billie Holiday,2021,no_match
tt0118745,Bloodmoon_1997,Bloodmoon,1997,no_match
tt5814060,The Nun_2018,The Nun,2018,no_match
tt0070334,The Long Goodbye_1973,The Long Goodbye,1973,no_match
tt1619029,Jackie_2016,Jackie,2016,no_match
tt8816194,Come to Daddy_2019,Come to Daddy,2019,no_match
tt0119675,Mimic_1997,Mimic,1997,no_match
tt0106834,Even Cowgirls Get the Blues_1993,Even Cowgirls Get the Blues,1993,no_match
tt2837574,The Old Man & the Gun_2018,The Old Man & the Gun,2018,no_match
tt0196158,Ticker_2001,Ticker,2001,no_match
tt21192142,All of Us Strangers_2023,All of Us Strangers,2023,no_match
tt0178868,Ringu_1998,Ringu,1998,no_match
tt9067182,Rocks_2019,Rocks,2019,no_match
tt10931784,Nanny_2022,Nanny,2022,no_match
tt10366460,CODA_2021,CODA,2021,no_match
tt2132285,The Bling Ring_2013,The Bling Ring,2013,no_match
tt0425055,Game 6_2005,Game 6,2005,no_match
tt0073629,The Rocky Horror Picture Show_1975,The Rocky Horror Picture Show,1975,no_match
tt21064584,The Iron Claw_2023,The Iron Claw,2023,no_match
tt0074285,Carrie_1976,Carrie,1976,no_match
tt3824458,Tangerine_2015,Tangerine,2015,no_match
tt10986222,C'mon C'mon_2021,C'mon C'mon,2021,no_match
tt0086122,The Ploughman's Lunch_1983,The Ploughman's Lunch,1983,no_match
tt6053438,First Reformed_2017,First Reformed,2017,no_match
tt0107688,The Nightmare Before Christmas_1993,The Nightmare Before Christmas,1993,no_match
tt6217608,The Rider_2017,The Rider,2017,no_match
tt0083067,Shock Treatment_1981,Shock Treatment,1981,no_match
tt6304162,Loveless_2017,Loveless,2017,no_match
tt5592248,The Beguiled_2017,The Beguiled,2017,no_match
tt6217926,Annette_2021,Annette,2021,no_match
tt0260414,Taking Sides_2001,Taking Sides,2001,no_match
tt11196036,The Card Counter_2021,The Card Counter,2021,no_match
tt4270516,Grandma_2015,Grandma,2015,no_match
tt7772582,Never Rarely Sometimes Always_2020,Never Rarely Sometimes Always,2020,no_match
tt0120685,Godzilla_1998,Godzilla,1998,no_match
tt0111149,Shallow Grave_1994,Shallow Grave,1994,no_match
tt0081455,Scanners_1981,Scanners,1981,no_match
tt0110613,My Girl 2_1994,My Girl 2,1994,no_match
tt0036733,The Curse of the Cat People_1944,The Curse of the Cat People,1944,no_match
tt0066921,A Clockwork Orange_1971,A Clockwork Orange,1971,no_match
tt0113131,Full Body Massage_1995,Full Body Massage,1995,no_match
tt19864828,Memory_2023,Memory,2023,no_match
tt0069762,Badlands_1973,Badlands,1973,no_match
tt0116573,House of the Damned_1996,House of the Damned,1996,no_match
tt9243804,The Green Knight_2021,The Green Knight,2021,no_match
tt2692904,Locke_2013,Locke,2013,no_match
tt9231040,First Cow_2019,First Cow,2019,no_match
tt0120694,Halloween H20: 20 Years Later_1998,Halloween H20: 20 Years Later,1998,no_match
tt0115964,Crash_1996,Crash,1996,no_match
tt13559026,Jockey_2021,Jockey,2021,no_match
tt7984734,The Lighthouse_2019,The Lighthouse,2019,no_match
tt0773262,Dexter_2006,Dexter,2006,no_match
tt4225622,The Babysitter_2017,The Babysitter,2017,no_match
tt5198890,Eileen_2023,Eileen,2023,no_match
tt0087075,The Company of Wolves_1984,The Company of Wolves,1984,no_match
tt0082010,An American Werewolf in London_1981,An American Werewolf in London,1981,no_match
tt0052587,The Atomic Submarine_1959,The Atomic Submarine,1959,no_match
tt5742374,You Were Never Really Here_2017,You Were Never Really Here,2017,no_match
tt0307479,Solaris_2002,Solaris,2002,no_match
tt5013056,Dunkirk_2017,Dunkirk,2017,no_match
tt0088847,The Breakfast Club_1985,The Breakfast Club,1985,no_match
tt8364368,Crawl_2019,Crawl,2019,no_match
tt1407084,Twelve_2010,Twelve,2010,no_match
tt0103759,Bad Lieutenant_1992,Bad Lieutenant,1992,no_match
tt0059633,Rapture_1965,Rapture,1965,no_match
tt5639354,A Fantastic Woman_2017,A Fantastic Woman,2017,no_match
tt14735318,Emma_2020,Emma,2020,no_match
tt0091064,The Fly_1986,The Fly,1986,no_match
tt0250081,Storytelling_2001,Storytelling,2001,no_match
tt14509110,No One Will Save You_2023,No One Will Save You,2023,no_match
tt0106387,Benny & Joon_1993,Benny & Joon,1993,no_match
tt0087332,Ghostbusters_1984,Ghostbusters,1984,no_match
tt0069945,Dark Star_1974,Dark Star,1974,no_match
tt5776858,Phantom Thread_2017,Phantom Thread,2017,no_match
tt0303593,531_2001,531,2001,no_match
tt3666024,The Red Turtle_2016,The Red Turtle,2016,no_match
tt0054240,Orgy of the Dead_1965,Orgy of the Dead,1965,no_match
